{
  "梁溪区": [
    120.309482,
    31.576353
  ],
  "新吴区": [
    120.372723,
    31.561585
  ],
  "锡山区": [
    120.364674,
    31.60096
  ],
  "惠山区": [
    120.307182,
    31.692443
  ],
  "滨湖区": [
    120.291085,
    31.538937
  ],
  "宜兴市": [
    119.832302,
    31.349655
  ],
  "江阴市": [
    120.293959,
    31.931049
  ],
  "ccc": [
    120.103959,
    31.931049
  ]
}